REGION	POS	REF	ALT	REF_DP	REF_RV	REF_QUAL	ALT_DP	ALT_RV	ALT_QUAL	ALT_FREQ	TOTAL_DP	PVAL	PASS
Puerto	28	C	G	0	0	0	1	0	34	1	1	1	FALSE
Puerto	118	C	+A	908	0	37	180	0	20	0.197802	910	2.97018e-39	TRUE
Puerto	326	G	+A	855	855	35	30	0	20	0.0344432	871	0.000250017	TRUE
Puerto	1965	T	G	1471	69	36	237	10	36	0.138596	1710	8.12211e-74	TRUE
Puerto	2036	C	T	2360	1127	33	356	13	35	0.13093	2719	4.25408e-109	TRUE
Puerto	2644	A	G	343	13	33	59	0	33	0.146402	403	1.74363e-19	TRUE
Puerto	2781	T	G	1562	382	36	224	57	36	0.122471	1829	1.73431e-70	TRUE
Puerto	2922	C	T	1681	452	34	86	0	36	0.048615	1769	1.96972e-25	TRUE
Puerto	3148	T	C	9196	1191	36	1608	213	36	0.148792	10807	0	TRUE
Puerto	3941	T	C	1436	828	36	267	267	36	0.156782	1703	8.05404e-84	TRUE
Puerto	5376	A	C	6	1	57	1	0	21	0.142857	7	0.538462	FALSE
Puerto	5449	A	G	5	4	38	1	1	38	0.166667	6	0.545455	FALSE
Puerto	5680	C	T	230	7	54	58	1	59	0.201389	288	1.58108e-19	TRUE
Puerto	6299	C	T	125	124	34	5	5	31	0.0384615	130	0.0306397	FALSE
Puerto	6451	C	T	121	112	37	22	22	37	0.153846	143	1.07745e-07	TRUE
Puerto	6503	G	T	10	4	36	1	0	24	0.0909091	11	0.52381	FALSE
Puerto	6520	A	C	10	4	33	1	0	21	0.0909091	11	0.52381	FALSE
Puerto	7094	C	T	433	30	36	1057	1047	33	0.708445	1492	0	TRUE
Puerto	7916	C	T	885	477	36	48	28	36	0.0513919	934	1.91047e-15	TRUE
Puerto	9344	G	A	945	908	36	2426	0	37	0.719668	3371	0	TRUE
