REGION	POS	REF	ALT	REF_DP	REF_RV	REF_QUAL	ALT_DP	ALT_RV	ALT_QUAL	ALT_FREQ	TOTAL_DP	PVAL	PASS
Puerto	118	C	+A	810	0	36	146	0	20	0.179582	813	1.10446e-31	TRUE
Puerto	326	G	+A	761	761	35	46	0	20	0.0596628	771	3.13565e-08	TRUE
Puerto	453	C	T	2220	779	37	84	37	37	0.0364583	2304	2.36168e-23	TRUE
Puerto	1965	T	G	2032	483	36	539	108	36	0.209646	2571	5.53132e-172	TRUE
Puerto	2767	T	C	1713	406	35	104	28	35	0.0572057	1818	5.89637e-31	TRUE
Puerto	2781	T	G	1524	360	36	283	72	36	0.153804	1840	4.62451e-90	TRUE
Puerto	2922	C	T	1677	471	34	112	1	35	0.0625698	1790	1.88449e-33	TRUE
Puerto	2925	A	G	1247	3	35	68	0	34	0.0516325	1317	4.87244e-20	TRUE
Puerto	3148	T	C	10032	1202	36	2580	273	36	0.204437	12620	0	TRUE
Puerto	3524	A	G	959	12	36	31	0	37	0.0313131	990	3.72675e-10	TRUE
Puerto	5680	C	T	243	4	54	52	3	56	0.175676	296	1.88539e-17	TRUE
Puerto	6451	C	T	117	71	36	46	46	37	0.282209	163	4.06543e-16	TRUE
Puerto	6540	G	T	23	13	36	1	0	26	0.0416667	24	0.510638	FALSE
Puerto	7094	C	T	405	42	36	1199	1199	33	0.747506	1604	0	TRUE
Puerto	7838	A	G	1262	1262	34	66	66	36	0.0496614	1329	2.06284e-19	TRUE
Puerto	7863	G	C	2173	1724	36	101	48	34	0.0443956	2275	1.77297e-28	TRUE
Puerto	7916	C	T	1768	1372	36	470	370	36	0.210009	2238	1.35205e-149	TRUE
Puerto	7987	G	A	1898	1601	36	128	66	37	0.0631787	2026	8.66573e-37	TRUE
Puerto	8060	C	T	82	1	32	3	0	47	0.0352941	85	0.124987	FALSE
Puerto	8361	A	G	116	3	59	5	0	72	0.0413223	121	0.0305936	FALSE
Puerto	9344	G	A	1028	1022	36	2732	0	36	0.726596	3760	0	TRUE
