Chrom	Position	Ref	Var	Cons:Cov:Reads1:Reads2:Freq:P-value	StrandFilter:R1+:R1-:R2+:R2-:pval	SamplesRef	SamplesHet	SamplesHom	SamplesNC	Cons:Cov:Reads1:Reads2:Freq:P-value
Puerto	1965	T	G	K:1710:1471:237:13.86%:8.7251E-74	Pass:0.9578059071729957:1402:69:227:10:6.7658E-1	0	1	0	0	K:1710:1471:237:13.86%:8.7251E-74
Puerto	2644	A	G	R:403:343:59:14.64%:1.7436E-19	Pass:1.0:330:13:59:0:1.2276E-1	0	1	0	0	R:403:343:59:14.64%:1.7436E-19
Puerto	2781	T	G	K:1829:1560:224:12.25%:2.5389E-69	Pass:1180:380:167:57:1E0	0	1	0	0	K:1829:1560:224:12.25%:2.5389E-69
Puerto	3148	T	C	Y:10807:9196:1608:14.88%:0E0	Pass:8005:1191:1395:213:1E0	0	1	0	0	Y:10807:9196:1608:14.88%:0E0
Puerto	5680	C	T	Y:288:230:58:20.14%:1.4219E-19	Pass:0.9827586206896551:223:7:57:1:8.3863E-1	0	1	0	0	Y:288:230:58:20.14%:1.4219E-19
Puerto	6451	C	T	Y:143:121:22:15.38%:9.9457E-8	Pass:0.0:9:112:0:22:2.1196E-1	0	1	0	0	Y:143:121:22:15.38%:9.9457E-8
Puerto	7094	C	T	Y:1493:433:1057:70.84%:0E0	Pass:0.00946073793755913:403:30:10:1047:3.6307E-311	0	1	0	0	Y:1493:433:1057:70.84%:0E0
Puerto	7916	C	T	Y:934:885:48:5.14%:1.9105E-15	Pass:408:477:20:28:1E0	0	1	0	0	Y:934:885:48:5.14%:1.9105E-15
Puerto	9344	G	A	R:3385:945:2426:71.97%:0E0	Pass:1.0:37:908:2426:0:0E0	0	1	0	0	R:3385:945:2426:71.97%:0E0
